{"cameraMode":{"drawMode":0,"name":"Shaded","section":"Shading Mode"},"sceneLighting":true,"audioPlay":false,"sceneViewState":{"showFog":true,"showMaterialUpdate":false,"showSkybox":true,"showFlares":true,"showImageEffects":true,"showParticleSystems":true},"in2DMode":false,"pivot":{"x":0.08849242329597473,"y":-0.2224024534225464,"z":2.0707528591156008},"rotation":{"x":-0.06327289342880249,"y":0.00268110865727067,"z":-0.00017113491776399314,"w":-0.9979926943778992},"size":1.821648120880127,"orthographic":false}