{"cameraMode":{"drawMode":0,"name":"Shaded","section":"Shading Mode"},"sceneLighting":true,"audioPlay":false,"sceneViewState":{"showFog":true,"showMaterialUpdate":false,"showSkybox":true,"showFlares":true,"showImageEffects":true,"showParticleSystems":true},"in2DMode":false,"pivot":{"x":-0.07181301712989807,"y":0.0757649689912796,"z":2.2361936569213869},"rotation":{"x":0.03416150063276291,"y":0.03116345964372158,"z":0.0010645550210028887,"w":-0.9989297986030579},"size":1.821648120880127,"orthographic":false}